Is an albatross a bird?|Yes
Is an albatross a seabird?|Yes
Is an albatross an animal?|Yes
Is an albatross a eukaryotic_organism?|Yes
Is an albatross a pelagic_bird?|Yes
Is an albatross an albatross?|Yes
Is an albatross made of cells molecules and atoms?|Yes
Is an albatross a living creature?|Yes
Is an albatross an organism?|Yes
Is an albatross capable of eating?|Yes
Is an albatross capable of live?|Yes
Does an albatross have a face?|Yes
Is an albatross a living organism?|Yes
Does an albatross have the property of being alive?|Yes
Is an albatross capable of move itself about?|Yes
Does an albatross have a head?|Yes
Is an albatross capable of fight for life?|Yes
Is an albatross capable of note food?|Yes
Is an albatross a bacterium?|No
Is an albatross a virus?|No
Is an albatross a fungus?|No
Is an albatross a plant?|No
Is an albatross a vertebrate?|Yes
Does an albatross have a beak?|Yes
Is an albatross a terrestrial organism?|Yes
Is an albatross a air breathing vertebrate?|Yes
Does an albatross have a wing?|Yes
Does an albatross have a wings?|Yes
Does an albatross have a two legs?|Yes
Is an albatross a biped?|Yes
Is an albatross a warm blooded animal?|Yes
Does an albatross have a bird's foot?|Yes
Does an albatross have a two wings?|Yes
Does an albatross have a feathers?|Yes
Is an albatross a feathered animal?|Yes
Is an albatross capable of spread wings?|Yes
Does an albatross have a feather?|Yes
Is an albatross capable of injur it's wing if falls?|Yes
Does an albatross have a talon?|Yes
Is an albatross capable of fly?|Yes
Is an albatross capable of chirp?|Yes
Is an albatross a oviparous animal?|Yes
Does an albatross have the property of being rising early?|Yes
Is an albatross capable of sing to mate?|Yes
Does an albatross have a air sac?|Yes
Is an albatross capable of travel across world?|Yes
Is an albatross capable of grow to larger size?|Yes
Is an albatross capable of sing to other birds?|Yes
Is an albatross a fish?|No
Is an albatross a reptile?|No
Is an albatross a mammal?|No
Is an albatross a living thing?|Yes
Is an albatross an invertebrate?|No
Does an albatross have a cell?|Yes
Is an albatross made of cells?|Yes
Does an albatross have a body part?|Yes
Is an albatross a mineral?|No
Is an albatross an artifact?|No
Is an albatross a sound?|No
Is an albatross a religion?|No
Is an albatross a science?|No
Is an albatross a government?|No
Is an albatross an art?|No
Is an albatross a company?|No
Is an albatross a hair?|No
Is an albatross an action?|No
Is an albatross a sport?|No
Is an albatross a disease?|No
Is an albatross a fire?|No
Is an albatross a liquid?|No
Is an albatross a molecule?|No
Is an albatross a location?|No
Is an albatross capable of die no more than once?|Yes
Is an albatross a tree?|No
Is an albatross a food?|No
Is an albatross a computer?|No
Is an albatross a car?|No
Is an albatross a protein?|No
Is an albatross a machine?|No
Is an albatross a school?|No
Is an albatross a dog?|No
Is an albatross a shop?|No
Is an albatross a country?|No
Is an albatross a plastic?|No
Is an albatross a planet?|No
Is an albatross an ocean?|No
Is an albatross a body of water?|No
Is an albatross a restaurant?|No
Is an albatross an insect?|No
Is an albatross a lizard?|No
Is an albatross a bicycle?|No
Is an albatross a bridge?|No
Is an albatross a house?|No
Is an albatross a publication?|No
Is an albatross a president?|No
Is an albatross a leader?|No
Is an albatross a turtle?|No
Is an albatross a europe?|No
Is an albatross a river?|No
Is an albatross a vehicle?|No
Is an albatross a deer?|No
Is an albatross a road?|No
Is an albatross a sugar?|No
Is an albatross a cat?|No
Is an albatross a politician?|No
Is an albatross a grass?|No
Is an albatross a town?|No
Is an albatross an africa?|No
Is an albatross a doctor?|No
Is an albatross a fruit?|No
Is an albatross a horse?|No
Is an albatross an asia?|No
Is an albatross a forest?|No
Is an albatross a wheel?|No
Is an albatross an ant?|No
Is an albatross a continent?|No
Is an albatross an airplane?|No
Is an albatross a clothes?|No
Is an albatross a wine?|No
Is an albatross a meal?|No
Is an albatross a city?|No
Is an albatross a flower?|No
Is an albatross a cake?|No
Is an albatross a cheese?|No
Is an albatross a kitchen?|No
Is an albatross a lake?|No
Is an albatross a soup?|No
Is an albatross a metal?|No
Is an albatross a movie?|No
Is an albatross a building?|No
Is an albatross a snake?|No
Is an albatross a wasp?|No
Is an albatross a door?|No
Is an albatross a salad?|No
Is an albatross a soda?|No
Is an albatross a vegetable?|No
Is an albatross a human being?|No
Is an albatross a room?|No
Is an albatross a bathroom?|No
Is an albatross a boat?|No
Is an albatross a jewelry?|No
Is an albatross a candy?|No
Is an albatross a kitchen utensil?|No
Is an albatross a carbohydrate?|No
Is an albatross a toy?|No
Is an albatross a drug?|No
Is an albatross a student?|No
Is an albatross an acid?|No
Is an albatross an expert?|No
Is an albatross a structure?|No
Is an albatross a water?|No
Is an albatross a palm tree?|No
Is an albatross a crustacean?|No
Is an albatross a jellyfish?|No
Is an albatross a rodent?|No
Is an albatross an herb?|No
Is a computer a electronic_appliance?|Yes
Is a computer a electronic_device?|Yes
Is a computer a electronic_tool?|Yes
Is a computer a fancy_caculator?|Yes
Is a computer a form_of_recording_device?|Yes
Is a computer a high_speed_electronic_machine?|Yes
Is a computer a machine?|Yes
Is a computer a multimedia_device?|Yes
Is a computer a office_equipment?|Yes
Is a computer a one_type_of_machine?|Yes
Is a computer a useful?|Yes
Is a computer a computer?|Yes
Does a computer have a computer circuit?|Yes
Is a computer capable of power down?|Yes
Does a computer have the property of being more complex than pencil?|Yes
Is a computer a electronic device?|Yes
Is a computer a computer hardware?|Yes
Does a computer have a cpu?|Yes
Is a computer a computational system?|Yes
Is a computer capable of list numbers?|Yes
Is a computer a one type of machine?|Yes
Is a computer capable of increase number?|Yes
Does a computer have a one or many processors?|Yes
Is a computer capable of sort information?|Yes
Does a computer have a central processing unit?|Yes
Does a computer have a hardware?|Yes
Is a computer a computing thing?|Yes
Is a computer capable of count symbols?|Yes
Does a computer have a motherboard?|Yes
Does a computer have a memory?|Yes
Does a computer have a processor?|Yes
Is a computer capable of count sentences?|Yes
Is a computer capable of sort list of words?|Yes
Does a computer have a memory chip?|Yes
Is a computer capable of process information?|Yes
Is a computer capable of arithmetic?|Yes
Is a computer capable of run programs?|Yes
Is a computer a electronic appliance?|Yes
Is a computer a electronic tool?|Yes
Is a computer capable of crash?|Yes
Is a computer capable of receive data?|Yes
Is a computer capable of list files in directory?|Yes
Is a computer capable of count?|Yes
Is a computer capable of calculate?|Yes
Is a computer capable of save files on disk?|Yes
Does a computer have a ram?|Yes
Is a computer capable of answer easy arithmetic questions?|Yes
Is a computer made of hardware?|Yes
Is a computer a high speed electronic machine?|Yes
Is a computer capable of adding numbers?|Yes
Does a computer have a disk cache?|Yes
Is a computer capable of start computing?|Yes
Is a computer a complex tool?|Yes
Does a computer have a monitor?|Yes
Does a computer have a chip?|Yes
Is a computer capable of mine data?|Yes
Does a computer have a display?|Yes
Does a computer have a moniter?|Yes
Does a computer have a software?|Yes
Is a computer capable of mail electronic messasge?|Yes
Is a computer capable of surf internet?|Yes
Is a computer a tool?|Yes
Does a computer have the property of being expensive?|Yes
Is a computer made of silicon?|Yes
Does a computer have a keyboard?|Yes
Does a computer have a central processor?|Yes
Is a computer made of microchips?|Yes
Does a computer have a disk drive?|Yes
Does a computer have a computer accessory?|Yes
Is a computer capable of control model?|Yes
Does a computer have a mouse?|Yes
Is a computer capable of cast shadow?|Yes
Is a computer a vehicle?|No
Is a computer a man made object?|Yes
Does a computer have the property of being mechanical?|Yes
Is a computer a man man device?|Yes
Is a computer a mechanical device?|Yes
Is a computer capable of fail working?|Yes
Is a computer an apparatus?|Yes
Is a computer capable of do task?|Yes
Is a computer an artifact?|Yes
Is a computer a publication?|No
Is a computer a structure?|No
Is a computer a wheel?|No
Is a computer a clothes?|No
Is a computer a movie?|No
Is a computer a jewelry?|No
Is a computer a toy?|No
Is a computer a kitchen utensil?|No
Is a computer a drug?|No
Is a computer capable of require electricity?|Yes
Is a computer a sound?|No
Is a computer a religion?|No
Is a computer a science?|No
Is a computer a government?|No
Is a computer an art?|No
Is a computer a company?|No
Is a computer a hair?|No
Is a computer an action?|No
Is a computer a sport?|No
Is a computer a disease?|No
Is a computer a fire?|No
Is a computer a food?|No
Is a computer a liquid?|No
Is a computer an organism?|No
Is a computer a molecule?|No
Is a computer a location?|No
Is a computer a mineral?|No
Is a computer a tree?|No
Is a computer a car?|No
Is a computer a protein?|No
Is a computer a school?|No
Is a computer a dog?|No
Is a computer a shop?|No
Is a computer a country?|No
Is a computer a plastic?|No
Is a computer a fish?|No
Is a computer a planet?|No
Is a computer an ocean?|No
Is a computer a body of water?|No
Is a computer a restaurant?|No
Is a computer an insect?|No
Is a computer a lizard?|No
Is a computer an animal?|No
Is a computer a bicycle?|No
Is a computer a bridge?|No
Is a computer a house?|No
Is a computer a president?|No
Is a computer a leader?|No
Is a computer a turtle?|No
Is a computer a europe?|No
Is a computer a vertebrate?|No
Is a computer a river?|No
Is a computer a bird?|No
Is a computer a deer?|No
Is a computer a road?|No
Is a computer a sugar?|No
Is a computer a cat?|No
Is a computer a mammal?|No
Is a computer a politician?|No
Is a computer a grass?|No
Is a computer a plant?|No
Is a computer a town?|No
Is a computer an africa?|No
Is a computer a doctor?|No
Is a computer a fruit?|No
Is a computer a horse?|No
Is a computer an asia?|No
Is a computer a forest?|No
Is a computer an ant?|No
Is a computer a continent?|No
Is a computer an airplane?|No
Is a computer a wine?|No
Is a computer a meal?|No
Is a computer a city?|No
Is a computer a flower?|No
Is a computer a cake?|No
Is a computer a cheese?|No
Is a computer a kitchen?|No
Is a computer a fungus?|No
Is a computer a lake?|No
Is a computer a soup?|No
Is a computer a metal?|No
Is a computer a building?|No
Is a computer a snake?|No
Is a computer a wasp?|No
Is a computer a door?|No
Is a computer a salad?|No
Is a computer a soda?|No
Is a computer a vegetable?|No
Is a computer a human being?|No
Is a computer a room?|No
Is a computer a bathroom?|No
Is a computer a boat?|No
Is a computer a candy?|No
Is a computer a carbohydrate?|No
Is a computer a virus?|No
Is a computer a student?|No
Is a computer an acid?|No
Is a computer an expert?|No
Is a computer a water?|No
Is a computer a reptile?|No
Is a computer a bacterium?|No
Is a computer a palm tree?|No
Is a computer a crustacean?|No
Is a computer a jellyfish?|No
Is a computer an invertebrate?|No
Is a computer a rodent?|No
Is a computer an herb?|No
Is an ant an insect?|Yes
Is an ant a one_type_of_insect?|Yes
Is an ant a small_insect?|Yes
Is an ant a smaller_than_cat?|Yes
Is an ant a hymenoptera?|Yes
Is an ant a vermin?|Yes
Is an ant an ant?|Yes
Does an ant have a clypeus?|Yes
Does an ant have a air sac?|Yes
Is an ant an arthropod?|Yes
Does an ant have a abdomen?|Yes
Is an ant a living creature?|Yes
Is an ant a creature?|Yes
Does an ant have a 6 legs?|Yes
Does an ant have a wing?|Yes
Is an ant an animal?|Yes
Is an ant an invertebrate?|Yes
Is an ant a crustacean?|No
Is an ant a jellyfish?|No
Is an ant a hymenopterous insect?|Yes
Is an ant a one type of insect?|Yes
Is an ant capable of build colony?|Yes
Is an ant capable of lift several times own weight?|Yes
Is an ant a small insect?|Yes
Is an ant a smaller than cat?|Yes
Is an ant a wasp?|No
Is an ant made of cells molecules and atoms?|Yes
Is an ant an organism?|Yes
Is an ant capable of eating?|Yes
Is an ant capable of live?|Yes
Does an ant have a face?|Yes
Is an ant a living organism?|Yes
Does an ant have the property of being alive?|Yes
Is an ant capable of move itself about?|Yes
Does an ant have a head?|Yes
Is an ant capable of fight for life?|Yes
Is an ant capable of note food?|Yes
Is an ant a bacterium?|No
Is an ant a virus?|No
Is an ant a fungus?|No
Is an ant a plant?|No
Is an ant capable of die no more than once?|Yes
Is an ant a wild animal?|Yes
Is an ant a cold blooded animal?|Yes
Is an ant a vertebrate?|No
Is an ant a living thing?|Yes
Does an ant have a cell?|Yes
Is an ant made of cells?|Yes
Does an ant have a body part?|Yes
Is an ant a mineral?|No
Is an ant an artifact?|No
Is an ant a sound?|No
Is an ant a religion?|No
Is an ant a science?|No
Is an ant a government?|No
Is an ant an art?|No
Is an ant a company?|No
Is an ant a hair?|No
Is an ant an action?|No
Is an ant a sport?|No
Is an ant a disease?|No
Is an ant a fire?|No
Is an ant a liquid?|No
Is an ant a molecule?|No
Is an ant a location?|No
Is an ant a tree?|No
Is an ant a food?|No
Is an ant a computer?|No
Is an ant a car?|No
Is an ant a protein?|No
Is an ant a machine?|No
Is an ant a school?|No
Is an ant a dog?|No
Is an ant a shop?|No
Is an ant a country?|No
Is an ant a plastic?|No
Is an ant a fish?|No
Is an ant a planet?|No
Is an ant an ocean?|No
Is an ant a body of water?|No
Is an ant a restaurant?|No
Is an ant a lizard?|No
Is an ant a bicycle?|No
Is an ant a bridge?|No
Is an ant a house?|No
Is an ant a publication?|No
Is an ant a president?|No
Is an ant a leader?|No
Is an ant a turtle?|No
Is an ant a europe?|No
Is an ant a river?|No
Is an ant a bird?|No
Is an ant a vehicle?|No
Is an ant a deer?|No
Is an ant a road?|No
Is an ant a sugar?|No
Is an ant a cat?|No
Is an ant a mammal?|No
Is an ant a politician?|No
Is an ant a grass?|No
Is an ant a town?|No
Is an ant an africa?|No
Is an ant a doctor?|No
Is an ant a fruit?|No
Is an ant a horse?|No
Is an ant an asia?|No
Is an ant a forest?|No
Is an ant a wheel?|No
Is an ant a continent?|No
Is an ant an airplane?|No
Is an ant a clothes?|No
Is an ant a wine?|No
Is an ant a meal?|No
Is an ant a city?|No
Is an ant a flower?|No
Is an ant a cake?|No
Is an ant a cheese?|No
Is an ant a kitchen?|No
Is an ant a lake?|No
Is an ant a soup?|No
Is an ant a metal?|No
Is an ant a movie?|No
Is an ant a building?|No
Is an ant a snake?|No
Is an ant a door?|No
Is an ant a salad?|No
Is an ant a soda?|No
Is an ant a vegetable?|No
Is an ant a human being?|No
Is an ant a room?|No
Is an ant a bathroom?|No
Is an ant a boat?|No
Is an ant a jewelry?|No
Is an ant a candy?|No
Is an ant a kitchen utensil?|No
Is an ant a carbohydrate?|No
Is an ant a toy?|No
Is an ant a drug?|No
Is an ant a student?|No
Is an ant an acid?|No
Is an ant an expert?|No
Is an ant a structure?|No
Is an ant a water?|No
Is an ant a reptile?|No
Is an ant a palm tree?|No
Is an ant a rodent?|No
Is an ant an herb?|No
Is an adder a viper?|Yes
Is an adder a snake?|Yes
Is an adder a reptile?|Yes
Is an adder a cat?|No
Is an adder an adder?|Yes
Is an adder a squamata?|Yes
Is an adder a vertebrate?|Yes
Is an adder a one type of animal?|Yes
Is an adder a diapsid?|Yes
Does an adder have a no legs?|Yes
Does an adder have a scales?|Yes
Is an adder capable of sun itself?|Yes
Is an adder a squamate?|Yes
Is an adder capable of surprise person?|Yes
Is an adder capable of slither down street?|Yes
Is an adder capable of eat egg?|Yes
Is an adder a turtle?|No
Is an adder a lizard?|No
Is an adder a mammal?|No
Is an adder a fish?|No
Is an adder a bird?|No
Is an adder an animal?|Yes
Is an adder an invertebrate?|No
Is an adder made of cells molecules and atoms?|Yes
Is an adder a living creature?|Yes
Is an adder an organism?|Yes
Is an adder capable of eating?|Yes
Is an adder capable of live?|Yes
Does an adder have a face?|Yes
Is an adder a living organism?|Yes
Does an adder have the property of being alive?|Yes
Is an adder capable of move itself about?|Yes
Does an adder have a head?|Yes
Is an adder capable of fight for life?|Yes
Is an adder capable of note food?|Yes
Is an adder a bacterium?|No
Is an adder a virus?|No
Is an adder a fungus?|No
Is an adder a plant?|No
Is an adder a living thing?|Yes
Does an adder have a cell?|Yes
Is an adder made of cells?|Yes
Does an adder have a body part?|Yes
Is an adder a mineral?|No
Is an adder an artifact?|No
Is an adder a sound?|No
Is an adder a religion?|No
Is an adder a science?|No
Is an adder a government?|No
Is an adder an art?|No
Is an adder a company?|No
Is an adder a hair?|No
Is an adder an action?|No
Is an adder a sport?|No
Is an adder a disease?|No
Is an adder a fire?|No
Is an adder a liquid?|No
Is an adder a molecule?|No
Is an adder a location?|No
Is an adder capable of die no more than once?|Yes
Is an adder a tree?|No
Is an adder a food?|No
Is an adder a computer?|No
Is an adder a car?|No
Is an adder a protein?|No
Is an adder a machine?|No
Is an adder a school?|No
Is an adder a dog?|No
Is an adder a shop?|No
Is an adder a country?|No
Is an adder a plastic?|No
Is an adder a planet?|No
Is an adder an ocean?|No
Is an adder a body of water?|No
Is an adder a restaurant?|No
Is an adder an insect?|No
Is an adder a bicycle?|No
Is an adder a bridge?|No
Is an adder a house?|No
Is an adder a publication?|No
Is an adder a president?|No
Is an adder a leader?|No
Is an adder a europe?|No
Is an adder a river?|No
Is an adder a vehicle?|No
Is an adder a deer?|No
Is an adder a road?|No
Is an adder a sugar?|No
Is an adder a politician?|No
Is an adder a grass?|No
Is an adder a town?|No
Is an adder an africa?|No
Is an adder a doctor?|No
Is an adder a fruit?|No
Is an adder a horse?|No
Is an adder an asia?|No
Is an adder a forest?|No
Is an adder a wheel?|No
Is an adder an ant?|No
Is an adder a continent?|No
Is an adder an airplane?|No
Is an adder a clothes?|No
Is an adder a wine?|No
Is an adder a meal?|No
Is an adder a city?|No
Is an adder a flower?|No
Is an adder a cake?|No
Is an adder a cheese?|No
Is an adder a kitchen?|No
Is an adder a lake?|No
Is an adder a soup?|No
Is an adder a metal?|No
Is an adder a movie?|No
Is an adder a building?|No
Is an adder a wasp?|No
Is an adder a door?|No
Is an adder a salad?|No
Is an adder a soda?|No
Is an adder a vegetable?|No
Is an adder a human being?|No
Is an adder a room?|No
Is an adder a bathroom?|No
Is an adder a boat?|No
Is an adder a jewelry?|No
Is an adder a candy?|No
Is an adder a kitchen utensil?|No
Is an adder a carbohydrate?|No
Is an adder a toy?|No
Is an adder a drug?|No
Is an adder a student?|No
Is an adder an acid?|No
Is an adder an expert?|No
Is an adder a structure?|No
Is an adder a water?|No
Is an adder a palm tree?|No
Is an adder a crustacean?|No
Is an adder a jellyfish?|No
Is an adder a rodent?|No
Is an adder an herb?|No
Is an ape a primate?|Yes
Is an ape an animal?|Yes
Is an ape a mammal?|Yes
Is an ape an ape?|Yes
Is an ape made of cells molecules and atoms?|Yes
Is an ape a living creature?|Yes
Is an ape an organism?|Yes
Is an ape capable of eating?|Yes
Is an ape capable of live?|Yes
Does an ape have a face?|Yes
Is an ape a living organism?|Yes
Does an ape have the property of being alive?|Yes
Is an ape capable of move itself about?|Yes
Does an ape have a head?|Yes
Is an ape capable of fight for life?|Yes
Is an ape capable of note food?|Yes
Is an ape a bacterium?|No
Is an ape a virus?|No
Is an ape a fungus?|No
Is an ape a plant?|No
Is an ape a vertebrate?|Yes
Is an ape a warm blooded animal?|Yes
Is an ape capable of drink liquids?|Yes
Does an ape have a hair?|Yes
Is an ape a air breathing vertebrate?|Yes
Is an ape capable of mate?|Yes
Is an ape a amniote?|Yes
Is an ape a candy?|No
Is an ape a cheese?|No
Is an ape a salad?|No
Is an ape a sugar?|No
Is an ape a cake?|No
Is an ape a fruit?|No
Is an ape a meal?|No
Is an ape a soup?|No
Is an ape a vegetable?|No
Is an ape a fish?|No
Is an ape a bird?|No
Is an ape a reptile?|No
Is an ape an herb?|No
Is an ape a living thing?|Yes
Is an ape an invertebrate?|No
Does an ape have a cell?|Yes
Is an ape made of cells?|Yes
Does an ape have a body part?|Yes
Is an ape a mineral?|No
Is an ape an artifact?|No
Is an ape a sound?|No
Is an ape a religion?|No
Is an ape a science?|No
Is an ape a government?|No
Is an ape an art?|No
Is an ape a company?|No
Is an ape a hair?|No
Is an ape an action?|No
Is an ape a sport?|No
Is an ape a disease?|No
Is an ape a fire?|No
Is an ape a liquid?|No
Is an ape a molecule?|No
Is an ape a location?|No
Is an ape capable of die no more than once?|Yes
Is an ape a tree?|No
Is an ape a food?|No
Is an ape a computer?|No
Is an ape a car?|No
Is an ape a protein?|No
Is an ape a machine?|No
Is an ape a school?|No
Is an ape a dog?|No
Is an ape a shop?|No
Is an ape a country?|No
Is an ape a plastic?|No
Is an ape a planet?|No
Is an ape an ocean?|No
Is an ape a body of water?|No
Is an ape a restaurant?|No
Is an ape an insect?|No
Is an ape a lizard?|No
Is an ape a bicycle?|No
Is an ape a bridge?|No
Is an ape a house?|No
Is an ape a publication?|No
Is an ape a president?|No
Is an ape a leader?|No
Is an ape a turtle?|No
Is an ape a europe?|No
Is an ape a river?|No
Is an ape a vehicle?|No
Is an ape a deer?|No
Is an ape a road?|No
Is an ape a cat?|No
Is an ape a politician?|No
Is an ape a grass?|No
Is an ape a town?|No
Is an ape an africa?|No
Is an ape a doctor?|No
Is an ape a horse?|No
Is an ape an asia?|No
Is an ape a forest?|No
Is an ape a wheel?|No
Is an ape an ant?|No
Is an ape a continent?|No
Is an ape an airplane?|No
Is an ape a clothes?|No
Is an ape a wine?|No
Is an ape a city?|No
Is an ape a flower?|No
Is an ape a kitchen?|No
Is an ape a lake?|No
Is an ape a metal?|No
Is an ape a movie?|No
Is an ape a building?|No
Is an ape a snake?|No
Is an ape a wasp?|No
Is an ape a door?|No
Is an ape a soda?|No
Is an ape a human being?|No
Is an ape a room?|No
Is an ape a bathroom?|No
Is an ape a boat?|No
Is an ape a jewelry?|No
Is an ape a kitchen utensil?|No
Is an ape a carbohydrate?|No
Is an ape a toy?|No
Is an ape a drug?|No
Is an ape a student?|No
Is an ape an acid?|No
Is an ape an expert?|No
Is an ape a structure?|No
Is an ape a water?|No
Is an ape a palm tree?|No
Is an ape a crustacean?|No
Is an ape a jellyfish?|No
Is an ape a rodent?|No
Is a cypress a plant?|Yes
Is a cypress a tree?|Yes
Is a cypress a cypress?|Yes
Is a cypress a living thing?|Yes
Is a cypress capable of grow?|Yes
Is a cypress capable of cast shadow?|Yes
Is a cypress capable of die from pollution?|Yes
Does a cypress have a trunk?|Yes
Is a cypress a woody plant?|Yes
Is a cypress capable of further grow?|Yes
Is a cypress capable of grow leaves?|Yes
Is a cypress capable of branch into leaves?|Yes
Is a cypress capable of drop leaves?|Yes
Does a cypress have a roots branches leaves and trunk?|Yes
Does a cypress have a roots?|Yes
Does a cypress have a leaves in summer?|Yes
Is a cypress capable of branch in several directions?|Yes
Is a cypress capable of rain pollen?|Yes
Is a cypress capable of grow new branches?|Yes
Is a cypress capable of branch out?|Yes
Is a cypress a tall plant?|Yes
Does a cypress have a bark?|Yes
Is a cypress made of wood?|Yes
Does a cypress have a leaves on branches?|Yes
Does a cypress have a bark around outside of?|Yes
Is a cypress capable of grow branch?|Yes
Is a cypress capable of shade us in summer?|Yes
Is a cypress capable of move in wind?|Yes
Is a cypress capable of branch off and get bigger?|Yes
Does a cypress have a leaf?|Yes
Is a cypress capable of shade from sun?|Yes
Does a cypress have the property of being alive?|Yes
Is a cypress capable of bud?|Yes
Does a cypress have a limb?|Yes
Is a cypress capable of flower annually?|Yes
Is a cypress capable of offer shade?|Yes
Does a cypress have a leaves?|Yes
Is a cypress a wood?|Yes
Is a cypress capable of provide shelter?|Yes
Does a cypress have a crown?|Yes
Is a cypress a tracheophyte?|Yes
Is a cypress capable of rain leaves?|Yes
Does a cypress have a burl?|Yes
Is a cypress made of leaves?|Yes
Does a cypress have a stump?|Yes
Is a cypress a grass?|No
Is a cypress a flower?|No
Is a cypress an herb?|No
Is a cypress an organism?|Yes
Is a cypress capable of have roots?|Yes
Does a cypress have a root?|Yes
Does a cypress have a stem?|Yes
Does a cypress have the property of being growing taller?|Yes
Is a cypress capable of suffering dehydration?|Yes
Is a cypress capable of grow in garden?|Yes
Is a cypress an animal?|No
Is a cypress a fungus?|No
Is a cypress a virus?|No
Is a cypress a bacterium?|No
Does a cypress have a cell?|Yes
Is a cypress made of cells?|Yes
Does a cypress have a body part?|Yes
Is a cypress a mineral?|No
Is a cypress an artifact?|No
Is a cypress a sound?|No
Is a cypress a religion?|No
Is a cypress a science?|No
Is a cypress a government?|No
Is a cypress an art?|No
Is a cypress a company?|No
Is a cypress a hair?|No
Is a cypress an action?|No
Is a cypress a sport?|No
Is a cypress a disease?|No
Is a cypress a fire?|No
Is a cypress a liquid?|No
Is a cypress a molecule?|No
Is a cypress a location?|No
Is a cypress a food?|No
Is a cypress a computer?|No
Is a cypress a car?|No
Is a cypress a protein?|No
Is a cypress a machine?|No
Is a cypress a school?|No
Is a cypress a dog?|No
Is a cypress a shop?|No
Is a cypress a country?|No
Is a cypress a plastic?|No
Is a cypress a fish?|No
Is a cypress a planet?|No
Is a cypress an ocean?|No
Is a cypress a body of water?|No
Is a cypress a restaurant?|No
Is a cypress an insect?|No
Is a cypress a lizard?|No
Is a cypress a bicycle?|No
Is a cypress a bridge?|No
Is a cypress a house?|No
Is a cypress a publication?|No
Is a cypress a president?|No
Is a cypress a leader?|No
Is a cypress a turtle?|No
Is a cypress a europe?|No
Is a cypress a vertebrate?|No
Is a cypress a river?|No
Is a cypress a bird?|No
Is a cypress a vehicle?|No
Is a cypress a deer?|No
Is a cypress a road?|No
Is a cypress a sugar?|No
Is a cypress a cat?|No
Is a cypress a mammal?|No
Is a cypress a politician?|No
Is a cypress a town?|No
Is a cypress an africa?|No
Is a cypress a doctor?|No
Is a cypress a fruit?|No
Is a cypress a horse?|No
Is a cypress an asia?|No
Is a cypress a forest?|No
Is a cypress a wheel?|No
Is a cypress an ant?|No
Is a cypress a continent?|No
Is a cypress an airplane?|No
Is a cypress a clothes?|No
Is a cypress a wine?|No
Is a cypress a meal?|No
Is a cypress a city?|No
Is a cypress a cake?|No
Is a cypress a cheese?|No
Is a cypress a kitchen?|No
Is a cypress a lake?|No
Is a cypress a soup?|No
Is a cypress a metal?|No
Is a cypress a movie?|No
Is a cypress a building?|No
Is a cypress a snake?|No
Is a cypress a wasp?|No
Is a cypress a door?|No
Is a cypress a salad?|No
Is a cypress a soda?|No
Is a cypress a vegetable?|No
Is a cypress a human being?|No
Is a cypress a room?|No
Is a cypress a bathroom?|No
Is a cypress a boat?|No
Is a cypress a jewelry?|No
Is a cypress a candy?|No
Is a cypress a kitchen utensil?|No
Is a cypress a carbohydrate?|No
Is a cypress a toy?|No
Is a cypress a drug?|No
Is a cypress a student?|No
Is a cypress an acid?|No
Is a cypress an expert?|No
Is a cypress a structure?|No
Is a cypress a water?|No
Is a cypress a reptile?|No
Is a cypress a palm tree?|No
Is a cypress a crustacean?|No
Is a cypress a jellyfish?|No
Is a cypress an invertebrate?|No
Is a cypress a rodent?|No
Is a daffodil a plant?|Yes
Is a daffodil a flower?|Yes
Is a daffodil a tree?|No
Is a daffodil a daffodil?|Yes
Is a daffodil a living thing?|Yes
Is a daffodil capable of grow?|Yes
Is a daffodil an organism?|Yes
Is a daffodil capable of have roots?|Yes
Does a daffodil have a root?|Yes
Does a daffodil have the property of being alive?|Yes
Does a daffodil have a stem?|Yes
Does a daffodil have the property of being growing taller?|Yes
Is a daffodil capable of suffering dehydration?|Yes
Is a daffodil capable of grow in garden?|Yes
Does a daffodil have a leaf?|Yes
Is a daffodil an animal?|No
Is a daffodil a fungus?|No
Is a daffodil a virus?|No
Is a daffodil a bacterium?|No
Is a daffodil capable of cast shadow?|Yes
Does a daffodil have a perianth?|Yes
Does a daffodil have a ovary?|Yes
Does a daffodil have a stamen?|Yes
Is a daffodil a part of plant?|Yes
Is a daffodil a angiosperm?|Yes
Is a daffodil a flowering plant?|Yes
Does a daffodil have a floral leaf?|Yes
Is a daffodil capable of holding bee?|Yes
Is a daffodil capable of spread petals?|Yes
Is a daffodil capable of drop petals?|Yes
Is a daffodil capable of blossom?|Yes
Does a daffodil have a carpel?|Yes
Is a daffodil capable of open?|Yes
Does a daffodil have a pistil?|Yes
Is a daffodil capable of grow from bulb?|Yes
Is a daffodil capable of give nectar to hummingbirds?|Yes
Is a daffodil capable of delight person?|Yes
Is a daffodil a vegetable?|No
Is a daffodil a fruit?|No
Is a daffodil a grass?|No
Is a daffodil an herb?|No
Does a daffodil have a cell?|Yes
Is a daffodil made of cells?|Yes
Does a daffodil have a body part?|Yes
Is a daffodil a mineral?|No
Is a daffodil an artifact?|No
Is a daffodil a sound?|No
Is a daffodil a religion?|No
Is a daffodil a science?|No
Is a daffodil a government?|No
Is a daffodil an art?|No
Is a daffodil a company?|No
Is a daffodil a hair?|No
Is a daffodil an action?|No
Is a daffodil a sport?|No
Is a daffodil a disease?|No
Is a daffodil a fire?|No
Is a daffodil a liquid?|No
Is a daffodil a molecule?|No
Is a daffodil a location?|No
Is a daffodil a food?|No
Is a daffodil a computer?|No
Is a daffodil a car?|No
Is a daffodil a protein?|No
Is a daffodil a machine?|No
Is a daffodil a school?|No
Is a daffodil a dog?|No
Is a daffodil a shop?|No
Is a daffodil a country?|No
Is a daffodil a plastic?|No
Is a daffodil a fish?|No
Is a daffodil a planet?|No
Is a daffodil an ocean?|No
Is a daffodil a body of water?|No
Is a daffodil a restaurant?|No
Is a daffodil an insect?|No
Is a daffodil a lizard?|No
Is a daffodil a bicycle?|No
Is a daffodil a bridge?|No
Is a daffodil a house?|No
Is a daffodil a publication?|No
Is a daffodil a president?|No
Is a daffodil a leader?|No
Is a daffodil a turtle?|No
Is a daffodil a europe?|No
Is a daffodil a vertebrate?|No
Is a daffodil a river?|No
Is a daffodil a bird?|No
Is a daffodil a vehicle?|No
Is a daffodil a deer?|No
Is a daffodil a road?|No
Is a daffodil a sugar?|No
Is a daffodil a cat?|No
Is a daffodil a mammal?|No
Is a daffodil a politician?|No
Is a daffodil a town?|No
Is a daffodil an africa?|No
Is a daffodil a doctor?|No
Is a daffodil a horse?|No
Is a daffodil an asia?|No
Is a daffodil a forest?|No
Is a daffodil a wheel?|No
Is a daffodil an ant?|No
Is a daffodil a continent?|No
Is a daffodil an airplane?|No
Is a daffodil a clothes?|No
Is a daffodil a wine?|No
Is a daffodil a meal?|No
Is a daffodil a city?|No
Is a daffodil a cake?|No
Is a daffodil a cheese?|No
Is a daffodil a kitchen?|No
Is a daffodil a lake?|No
Is a daffodil a soup?|No
Is a daffodil a metal?|No
Is a daffodil a movie?|No
Is a daffodil a building?|No
Is a daffodil a snake?|No
Is a daffodil a wasp?|No
Is a daffodil a door?|No
Is a daffodil a salad?|No
Is a daffodil a soda?|No
Is a daffodil a human being?|No
Is a daffodil a room?|No
Is a daffodil a bathroom?|No
Is a daffodil a boat?|No
Is a daffodil a jewelry?|No
Is a daffodil a candy?|No
Is a daffodil a kitchen utensil?|No
Is a daffodil a carbohydrate?|No
Is a daffodil a toy?|No
Is a daffodil a drug?|No
Is a daffodil a student?|No
Is a daffodil an acid?|No
Is a daffodil an expert?|No
Is a daffodil a structure?|No
Is a daffodil a water?|No
Is a daffodil a reptile?|No
Is a daffodil a palm tree?|No
Is a daffodil a crustacean?|No
Is a daffodil a jellyfish?|No
Is a daffodil an invertebrate?|No
Is a daffodil a rodent?|No
